isotype	positions	identity
Ala	X10.25	Paired
Ala	X14	A
Ala	X15	V
Ala	X18	G
Ala	X18.55	GU
Ala	X19	G
Ala	X19.56	GC
Ala	X20	Keto
Ala	X21	Weak
Ala	X26	V
Ala	X2.71	Paired
Ala	X30.40	Paired
Ala	X31.39	Paired
Ala	X32	Pyrimidine
Ala	X33	U
Ala	X34	H
Ala	X35	Strong
Ala	X36	Strong
Ala	X37	A
Ala	X38	H
Ala	X44	Weak
Ala	X46	G
Ala	X48	V
Ala	X50.64	Paired
Ala	X51.63	Paired
Ala	X52.62	Paired
Ala	X53.61	PurinePyrimidine
Ala	X54	Weak
Ala	X55	U
Ala	X56	C
Ala	X57	Purine
Ala	X58	A
Ala	X73	Weak
Ala	X8	U
Ala	X8.14	UA
Ala	X9	Purine
Arg	X10.25	Paired
Arg	X14	A
Arg	X15	Purine
Arg	X15.48	PurinePyrimidine
Arg	X16	Weak
Arg	X1.72	Paired
Arg	X18	G
Arg	X18.55	GU
Arg	X19	G
Arg	X19.56	GC
Arg	X20	H
Arg	X21	Weak
Arg	X26	D
Arg	X2.71	Paired
Arg	X27.43	Paired
Arg	X28.42	Paired
Arg	X29.41	Paired
Arg	X30.40	Paired
Arg	X31.39	Paired
Arg	X32	Pyrimidine
Arg	X33	U
Arg	X35	Pyrimidine
Arg	X36	D
Arg	X37	Purine
Arg	X3.70	Paired
Arg	X38	H
Arg	X46	Purine
Arg	X47	H
Arg	X48	Pyrimidine
Arg	X49.65	Paired
Arg	X50.64	Mismatched
Arg	X52.62	GC
Arg	X53.61	Paired
Arg	X54	U
Arg	X54.58	UA
Arg	X55	U
Arg	X56	C
Arg	X57	Purine
Arg	X58	A
Arg	X60	Pyrimidine
Arg	X73	D
Arg	X8	U
Arg	X8.14	UA
Arg	X9	Purine
Asn	X10.25	GC
Asn	X10.45	Mismatched
Asn	X14	A
Asn	X15	Purine
Asn	X16	Pyrimidine
Asn	X1.72	Paired
Asn	X18	G
Asn	X18.55	GU
Asn	X19	G
Asn	X19.56	GC
Asn	X20	Pyrimidine
Asn	X21	A
Asn	X26	Purine
Asn	X2.71	Paired
Asn	X28.42	Paired
Asn	X29.41	Paired
Asn	X30.40	Paired
Asn	X31.39	PurinePyrimidine
Asn	X32	C
Asn	X33	U
Asn	X34	D
Asn	X35	Pyrimidine
Asn	X36	Keto
Asn	X37	A
Asn	X3.70	PyrimidinePurine
Asn	X38	A
Asn	X44	H
Asn	X45	G
Asn	X46	Purine
Asn	X48	Pyrimidine
Asn	X49.65	Paired
Asn	X53.61	Paired
Asn	X54	U
Asn	X54.58	UA
Asn	X55	U
Asn	X56	C
Asn	X57	Purine
Asn	X58	A
Asn	X60	Pyrimidine
Asn	X73	G
Asn	X8	U
Asn	X8.14	UA
Asn	X9	Purine
Asn	X9.23	Mismatched
Asp	X10.25	Paired
Asp	X14	A
Asp	X15	Purine
Asp	X1.72	Paired
Asp	X18	G
Asp	X18.55	GU
Asp	X19	G
Asp	X19.56	GC
Asp	X20	H
Asp	X21	A
Asp	X22.46	Mismatched
Asp	X2.71	Paired
Asp	X27.43	Paired
Asp	X28.42	Paired
Asp	X29.41	Paired
Asp	X30.40	Paired
Asp	X31.39	Paired
Asp	X32	Pyrimidine
Asp	X33	U
Asp	X34	B
Asp	X35	B
Asp	X36	Amino
Asp	X37	Purine
Asp	X3.70	PyrimidinePurine
Asp	X38	H
Asp	X46	Purine
Asp	X48	Pyrimidine
Asp	X49.65	Paired
Asp	X50.64	Paired
Asp	X51.63	PurinePyrimidine
Asp	X52.62	PurinePyrimidine
Asp	X53.61	GC
Asp	X54	U
Asp	X54.58	UA
Asp	X55	U
Asp	X56	C
Asp	X57	Purine
Asp	X58	A
Asp	X59	H
Asp	X60	Pyrimidine
Asp	X73	Purine
Asp	X8	U
Asp	X8.14	UA
Asp	X9	Purine
Cys	X14	A
Cys	X15	G
Cys	X15.48	GC
Cys	X1.72	Paired
Cys	X18	Purine
Cys	X18.55	Paired
Cys	X19	G
Cys	X19.56	GC
Cys	X20	Pyrimidine
Cys	X21	Amino
Cys	X22.46	Paired
Cys	X26	D
Cys	X2.71	Paired
Cys	X28.42	Paired
Cys	X29.41	Paired
Cys	X30.40	GC
Cys	X31.39	Paired
Cys	X32	Pyrimidine
Cys	X33	U
Cys	X35	B
Cys	X36	V
Cys	X37	Purine
Cys	X38	H
Cys	X44	H
Cys	X46	Purine
Cys	X47	Weak
Cys	X48	C
Cys	X49.65	Paired
Cys	X51.63	Paired
Cys	X52.62	Paired
Cys	X53.61	GC
Cys	X54	U
Cys	X54.58	UA
Cys	X55	U
Cys	X56	C
Cys	X57	Purine
Cys	X58	A
Cys	X60	Pyrimidine
Cys	X73	H
Cys	X8	U
Cys	X8.14	UA
Cys	X9	Purine
Cys	X9.23	Mismatched
Gln	X10.25	Paired
Gln	X10.45	Bulge
Gln	X12.23	Mismatched
Gln	X13.22	Mismatched
Gln	X14	A
Gln	X15	Purine
Gln	X16	Pyrimidine
Gln	X1.72	StrongPair
Gln	X18	G
Gln	X18.55	GU
Gln	X19	G
Gln	X19.56	GC
Gln	X20	Pyrimidine
Gln	X21	A
Gln	X2.71	Mismatched
Gln	X27.43	Paired
Gln	X32	Pyrimidine
Gln	X33	U
Gln	X34	Pyrimidine
Gln	X35	U
Gln	X36	G
Gln	X37	A
Gln	X38	Weak
Gln	X45	Deletion
Gln	X46	Purine
Gln	X48	Pyrimidine
Gln	X49.65	Paired
Gln	X53.61	Paired
Gln	X54	U
Gln	X54.58	UA
Gln	X55	U
Gln	X56	C
Gln	X57	Purine
Gln	X58	A
Gln	X60	Pyrimidine
Gln	X73	Weak
Gln	X8	U
Gln	X8.14	UA
Gln	X9	Purine
Gln	X9.23	Mismatched
Glu	X10.25	Paired
Glu	X14	A
Glu	X15	Purine
Glu	X16	B
Glu	X1.72	UA
Glu	X18	G
Glu	X18.55	GU
Glu	X19	G
Glu	X19.56	GC
Glu	X20	Pyrimidine
Glu	X20a	Pyrimidine
Glu	X21	A
Glu	X22.46	Mismatched
Glu	X2.71	Paired
Glu	X27.43	Paired
Glu	X28.42	Paired
Glu	X29.41	Paired
Glu	X30.40	StrongPair
Glu	X31.39	Paired
Glu	X32	Pyrimidine
Glu	X33	U
Glu	X34	Pyrimidine
Glu	X35	Pyrimidine
Glu	X36	C
Glu	X37	Amino
Glu	X3.70	CG
Glu	X38	Amino
Glu	X46	G
Glu	X48	Pyrimidine
Glu	X49.65	Paired
Glu	X52.62	GC
Glu	X53.61	Paired
Glu	X54	U
Glu	X54.58	UA
Glu	X55	U
Glu	X56	C
Glu	X57	Purine
Glu	X58	A
Glu	X60	Pyrimidine
Glu	X73	Purine
Glu	X8	U
Glu	X8.14	UA
Gly	X10.25	Paired
Gly	X14	A
Gly	X15	Purine
Gly	X16	H
Gly	X17	Deletion
Gly	X1.72	Paired
Gly	X18	G
Gly	X18.55	Paired
Gly	X19	G
Gly	X19.56	GC
Gly	X20	Pyrimidine
Gly	X21	A
Gly	X22.46	Paired
Gly	X2.71	Paired
Gly	X27.43	Paired
Gly	X28.42	Paired
Gly	X29.41	Paired
Gly	X30.40	Paired
Gly	X31.39	Paired
Gly	X32	Pyrimidine
Gly	X33	U
Gly	X34	B
Gly	X35	Strong
Gly	X36	C
Gly	X37	A
Gly	X38	H
Gly	X46	G
Gly	X48	Pyrimidine
Gly	X49.65	Paired
Gly	X50.64	Paired
Gly	X51.63	Paired
Gly	X52.62	Paired
Gly	X53.61	GC
Gly	X54	U
Gly	X54.58	UA
Gly	X55	Pyrimidine
Gly	X56	C
Gly	X57	Purine
Gly	X58	A
Gly	X60	U
Gly	X73	A
Gly	X8	U
Gly	X8.14	UA
Gly	X9	V
Gly	X9.23	Mismatched
His	X10.25	Paired
His	X13.22	Mismatched
His	X14	A
His	X15	Purine
His	X15.48	Paired
His	X16	Keto
His	X1.72	GC
His	X18	G
His	X18.55	GU
His	X19	G
His	X19.56	GC
His	X20	U
His	X21	A
His	X22.46	Paired
His	X2.71	Paired
His	X32	Pyrimidine
His	X33	Pyrimidine
His	X34	B
His	X36	B
His	X37	Purine
His	X3.70	Paired
His	X38	H
His	X46	Purine
His	X48	Pyrimidine
His	X49.65	StrongPair
His	X53.61	GU
His	X54	Pyrimidine
His	X55	U
His	X56	C
His	X57	Purine
His	X58	A
His	X59	Weak
His	X60	U
His	X73	Purine
His	X8	U
His	X8.14	UA
His	X9	V
His	X9.23	Mismatched
Ile	X10.25	PurinePyrimidine
Ile	X10.45	Mismatched
Ile	X14	A
Ile	X15	Purine
Ile	X15.48	PurinePyrimidine
Ile	X16	H
Ile	X17	Pyrimidine
Ile	X1.72	Paired
Ile	X18	G
Ile	X18.55	GU
Ile	X19	G
Ile	X19.56	GC
Ile	X20	Weak
Ile	X20a	Pyrimidine
Ile	X21	A
Ile	X26	V
Ile	X26.44	Mismatched
Ile	X2.71	Paired
Ile	X27.43	Paired
Ile	X32	C
Ile	X33	U
Ile	X34	Weak
Ile	X35	Weak
Ile	X36	U
Ile	X37	Purine
Ile	X3.70	Paired
Ile	X38	A
Ile	X44	Purine
Ile	X45	Purine
Ile	X46	Purine
Ile	X47	Pyrimidine
Ile	X48	Pyrimidine
Ile	X51.63	Paired
Ile	X52.62	PurinePyrimidine
Ile	X53.61	GC
Ile	X54	U
Ile	X54.58	UA
Ile	X55	U
Ile	X56	C
Ile	X57	Purine
Ile	X58	A
Ile	X60	H
Ile	X73	A
Ile	X8	U
Ile	X8.14	UA
Ile	X9	Purine
Ile	X9.23	Mismatched
iMet	X10.25	Paired
iMet	X11.24	Paired
iMet	X14	A
iMet	X15	G
iMet	X15.48	GC
iMet	X17	Deletion
iMet	X1.72	AU
iMet	X18	G
iMet	X18.55	GU
iMet	X19	G
iMet	X19.56	GC
iMet	X20	V
iMet	X21	A
iMet	X26	G
iMet	X26.44	Mismatched
iMet	X2.71	Paired
iMet	X27.43	Paired
iMet	X30.40	GC
iMet	X31.39	Mismatched
iMet	X32	C
iMet	X33	Pyrimidine
iMet	X34	C
iMet	X35	A
iMet	X36	U
iMet	X37	A
iMet	X3.70	CG
iMet	X38	A
iMet	X44	A
iMet	X45	D
iMet	X46	G
iMet	X4.69	Paired
iMet	X47	Weak
iMet	X48	C
iMet	X49.65	Paired
iMet	X51.63	Mismatched
iMet	X53.61	Mismatched
iMet	X54	A
iMet	X54.58	Mismatched
iMet	X55	U
iMet	X56	C
iMet	X5.68	Paired
iMet	X57	G
iMet	X58	A
iMet	X59	A
iMet	X60	A
iMet	X6.67	Paired
iMet	X73	A
iMet	X7.66	Paired
iMet	X8	U
iMet	X8.14	UA
iMet	X9	Purine
iMet	X9.23	Mismatched
Leu	X10.25	Paired
Leu	X11.24	CG
Leu	X12.23	Mismatched
Leu	X13.22	Mismatched
Leu	X14	A
Leu	X15	G
Leu	X15.48	GC
Leu	X16	H
Leu	X1.72	PurinePyrimidine
Leu	X18	G
Leu	X18.55	GU
Leu	X19	G
Leu	X19.56	GC
Leu	X20	U
Leu	X20a	Deletion
Leu	X21	A
Leu	X26	G
Leu	X26.44	GU
Leu	X2.71	Paired
Leu	X27.43	Paired
Leu	X32	B
Leu	X33	U
Leu	X34	H
Leu	X35	A
Leu	X36	Purine
Leu	X37	G
Leu	X3.70	Paired
Leu	X38	H
Leu	X44	U
Leu	X46	B
Leu	X48	C
Leu	X49.65	Paired
Leu	X53.61	Paired
Leu	X54	U
Leu	X54.58	UA
Leu	X55	U
Leu	X56	C
Leu	X57	Purine
Leu	X58	A
Leu	X59	Purine
Leu	X60	Pyrimidine
Leu	X73	A
Leu	X8	U
Leu	X8.14	UA
Leu	X9	G
Lys	X10.25	Paired
Lys	X11.24	Mismatched
Lys	X13.22	Mismatched
Lys	X14	A
Lys	X15	Purine
Lys	X15.48	PurinePyrimidine
Lys	X16	Pyrimidine
Lys	X1.72	Paired
Lys	X18	G
Lys	X18.55	GU
Lys	X19	G
Lys	X19.56	GC
Lys	X21	A
Lys	X22.46	Mismatched
Lys	X26	D
Lys	X2.71	CG
Lys	X28.42	Paired
Lys	X30.40	GC
Lys	X31.39	PurinePyrimidine
Lys	X32	C
Lys	X33	U
Lys	X34	Pyrimidine
Lys	X35	U
Lys	X36	U
Lys	X37	Purine
Lys	X3.70	PyrimidinePurine
Lys	X38	A
Lys	X45	Keto
Lys	X46	G
Lys	X47	Pyrimidine
Lys	X48	Pyrimidine
Lys	X49.65	Paired
Lys	X50.64	Paired
Lys	X51.63	GC
Lys	X53.61	GC
Lys	X54	U
Lys	X55	U
Lys	X56	C
Lys	X57	Purine
Lys	X58	Weak
Lys	X59	B
Lys	X60	Pyrimidine
Lys	X73	D
Lys	X8	U
Lys	X8.14	UA
Lys	X9	Purine
Lys	X9.23	Mismatched
Met	X10.25	Paired
Met	X10.45	Mismatched
Met	X14	A
Met	X15	Purine
Met	X15.48	PurinePyrimidine
Met	X16	Pyrimidine
Met	X1.72	PurinePyrimidine
Met	X18	G
Met	X18.55	Paired
Met	X19	G
Met	X19.56	GC
Met	X21	A
Met	X26	Purine
Met	X26.44	Mismatched
Met	X2.71	Paired
Met	X27.43	Paired
Met	X30.40	Paired
Met	X32	C
Met	X33	U
Met	X34	C
Met	X35	A
Met	X36	U
Met	X37	A
Met	X3.70	Paired
Met	X38	A
Met	X44	A
Met	X45	G
Met	X46	Purine
Met	X47	Pyrimidine
Met	X48	Pyrimidine
Met	X49.65	Paired
Met	X51.63	Paired
Met	X53.61	GC
Met	X54	Weak
Met	X55	Pyrimidine
Met	X56	C
Met	X57	Purine
Met	X58	A
Met	X73	A
Met	X8	U
Met	X8.14	UA
Met	X9	Purine
Met	X9.23	Mismatched
Phe	X10.25	Paired
Phe	X11.24	Paired
Phe	X14	A
Phe	X15	Strong
Phe	X16	H
Phe	X1.72	StrongPair
Phe	X18	G
Phe	X18.55	GU
Phe	X19	G
Phe	X19.56	GC
Phe	X20	D
Phe	X21	H
Phe	X26	Purine
Phe	X2.71	Paired
Phe	X29.41	Mismatched
Phe	X30.40	GU
Phe	X32	Pyrimidine
Phe	X33	U
Phe	X34	G
Phe	X35	Weak
Phe	X36	A
Phe	X37	Purine
Phe	X3.70	Paired
Phe	X38	Weak
Phe	X45	D
Phe	X46	G
Phe	X4.69	Paired
Phe	X47	Pyrimidine
Phe	X48	Amino
Phe	X49.65	Paired
Phe	X53.61	GC
Phe	X54	U
Phe	X54.58	UA
Phe	X55	U
Phe	X56	C
Phe	X57	Purine
Phe	X58	A
Phe	X60	C
Phe	X73	A
Phe	X8	U
Phe	X8.14	UA
Phe	X9	Purine
Pro	X10.25	Paired
Pro	X10.45	Mismatched
Pro	X13.22	Mismatched
Pro	X14	A
Pro	X15	Purine
Pro	X15.48	PurinePyrimidine
Pro	X17	Deletion
Pro	X1.72	GC
Pro	X18	V
Pro	X19	G
Pro	X19.56	GC
Pro	X20	U
Pro	X20a	Deletion
Pro	X21	A
Pro	X22.46	UG
Pro	X26	D
Pro	X2.71	StrongPair
Pro	X27.43	Paired
Pro	X32	U
Pro	X33	U
Pro	X34	H
Pro	X35	G
Pro	X36	Keto
Pro	X37	Purine
Pro	X3.70	Paired
Pro	X38	Weak
Pro	X44	D
Pro	X45	G
Pro	X46	G
Pro	X47	Pyrimidine
Pro	X48	C
Pro	X49.65	Paired
Pro	X53.61	Paired
Pro	X54	Weak
Pro	X55	Pyrimidine
Pro	X56	C
Pro	X5.68	Paired
Pro	X57	Purine
Pro	X58	A
Pro	X59	Weak
Pro	X60	Pyrimidine
Pro	X73	C
Pro	X8	U
Pro	X8.14	UA
Pro	X9	Purine
Pro	X9.23	Mismatched
Ser	X10.25	Paired
Ser	X13.22	Mismatched
Ser	X14	A
Ser	X15	G
Ser	X15.48	GC
Ser	X16	H
Ser	X17	Deletion
Ser	X1.72	GC
Ser	X18	G
Ser	X18.55	GU
Ser	X19	G
Ser	X19.56	GC
Ser	X20	U
Ser	X20a	Deletion
Ser	X21	A
Ser	X22.46	Mismatched
Ser	X26	G
Ser	X26.44	GU
Ser	X2.71	Paired
Ser	X32	Pyrimidine
Ser	X33	U
Ser	X35	Strong
Ser	X36	Weak
Ser	X37	A
Ser	X3.70	Paired
Ser	X38	A
Ser	X44	U
Ser	X46	Strong
Ser	X4.69	Paired
Ser	X48	C
Ser	X49.65	Paired
Ser	X53.61	Paired
Ser	X54	U
Ser	X54.58	UA
Ser	X55	U
Ser	X56	C
Ser	X5.68	Paired
Ser	X57	Purine
Ser	X58	A
Ser	X59	Purine
Ser	X60	Pyrimidine
Ser	X73	G
Ser	X8	U
Ser	X8.14	UA
Ser	X9	Purine
Thr	X10.25	Paired
Thr	X14	A
Thr	X15	Purine
Thr	X15.48	Paired
Thr	X18	G
Thr	X18.55	Paired
Thr	X19	G
Thr	X19.56	GC
Thr	X20	B
Thr	X21	A
Thr	X22.46	Mismatched
Thr	X26	Purine
Thr	X2.71	StrongPair
Thr	X27.43	PyrimidinePurine
Thr	X28.42	Paired
Thr	X29.41	Paired
Thr	X30.40	StrongPair
Thr	X31.39	Paired
Thr	X32	Pyrimidine
Thr	X33	U
Thr	X34	H
Thr	X35	Purine
Thr	X36	Pyrimidine
Thr	X37	A
Thr	X3.70	Paired
Thr	X38	A
Thr	X46	Purine
Thr	X48	C
Thr	X49.65	Paired
Thr	X50.64	Paired
Thr	X51.63	Paired
Thr	X52.62	Paired
Thr	X53.61	GC
Thr	X54	U
Thr	X54.58	UA
Thr	X55	Pyrimidine
Thr	X56	C
Thr	X57	Purine
Thr	X58	A
Thr	X60	Pyrimidine
Thr	X73	Weak
Thr	X8	U
Thr	X8.14	UA
Thr	X9	Purine
Trp	X10.25	Paired
Trp	X13.22	Mismatched
Trp	X14	A
Trp	X15	Purine
Trp	X15.48	PurinePyrimidine
Trp	X16	H
Trp	X1.72	Paired
Trp	X18	G
Trp	X18.55	GU
Trp	X19	G
Trp	X19.56	GC
Trp	X20	Pyrimidine
Trp	X21	A
Trp	X22.46	Paired
Trp	X26	D
Trp	X2.71	Paired
Trp	X32	Pyrimidine
Trp	X33	U
Trp	X34	Strong
Trp	X35	Pyrimidine
Trp	X36	Weak
Trp	X37	Purine
Trp	X38	Weak
Trp	X46	G
Trp	X4.69	Paired
Trp	X48	Pyrimidine
Trp	X49.65	Paired
Trp	X53.61	Paired
Trp	X54	U
Trp	X54.58	UA
Trp	X55	U
Trp	X56	C
Trp	X57	Purine
Trp	X58	A
Trp	X59	D
Trp	X60	Pyrimidine
Trp	X73	Weak
Trp	X8	U
Trp	X8.14	UA
Trp	X9	Purine
Trp	X9.23	Mismatched
Tyr	X10.25	GC
Tyr	X14	A
Tyr	X15	G
Tyr	X15.48	GC
Tyr	X16	Pyrimidine
Tyr	X1.72	CG
Tyr	X18	G
Tyr	X18.55	GU
Tyr	X19	G
Tyr	X19.56	GC
Tyr	X20	H
Tyr	X21	A
Tyr	X26	Purine
Tyr	X2.71	PyrimidinePurine
Tyr	X31.39	Mismatched
Tyr	X32	Pyrimidine
Tyr	X33	U
Tyr	X34	G
Tyr	X35	U
Tyr	X36	A
Tyr	X37	Purine
Tyr	X3.70	Paired
Tyr	X38	Amino
Tyr	X44	D
Tyr	X45	B
Tyr	X46	Purine
Tyr	X47	Pyrimidine
Tyr	X48	C
Tyr	X49.65	Paired
Tyr	X50.64	Paired
Tyr	X51.63	Paired
Tyr	X52.62	Paired
Tyr	X53.61	GC
Tyr	X54	Pyrimidine
Tyr	X55	U
Tyr	X56	C
Tyr	X57	Purine
Tyr	X58	A
Tyr	X59	H
Tyr	X60	Pyrimidine
Tyr	X73	A
Tyr	X8	U
Tyr	X8.14	UA
Tyr	X9	V
Tyr	X9.23	Mismatched
Val	X10.25	Paired
Val	X14	A
Val	X15	G
Val	X15.48	Paired
Val	X16	Pyrimidine
Val	X1.72	PurinePyrimidine
Val	X18	G
Val	X18.55	GU
Val	X19	G
Val	X19.56	GC
Val	X20	Weak
Val	X20a	Pyrimidine
Val	X21	A
Val	X22.46	Mismatched
Val	X26	D
Val	X2.71	Paired
Val	X27.43	Paired
Val	X32	Pyrimidine
Val	X33	U
Val	X34	H
Val	X35	A
Val	X36	Pyrimidine
Val	X37	A
Val	X3.70	Paired
Val	X38	Amino
Val	X44	D
Val	X45	Strong
Val	X46	G
Val	X47	Pyrimidine
Val	X48	Pyrimidine
Val	X49.65	Paired
Val	X50.64	Paired
Val	X51.63	Paired
Val	X52.62	PurinePyrimidine
Val	X53.61	GC
Val	X54	H
Val	X55	U
Val	X56	C
Val	X57	Purine
Val	X58	Weak
Val	X59	D
Val	X60	H
Val	X73	Weak
Val	X8	U
Val	X8.14	UA
Val	X9	Purine
